{
  "test/integration/pages/JourneyRunner-dbg.js": 1757646687645,
  "test/integration/pages/JourneyRunner.js": 1757646687645,
  "test/integration/pages/FormObjectPage.js": 1757646687637,
  "test/integration/pages/FormList.js": 1757646687633,
  "test/integration/opaTests.qunit.js": 1757646687629,
  "test/integration/FirstJourney.js": 1757646687641,
  "test/testsuite.qunit.js": 1757646687625,
  "xs-app.json": 1759204732375,
  "manifest.json": 1757656105548,
  "Component.js": 1757646687573,
  "test/testsuite.qunit-dbg.js": 1757646687625,
  "test/testsuite.qunit.js.map": 1759204741213,
  "test/integration/pages/FormObjectPage-dbg.js": 1757646687637,
  "test/integration/pages/FormObjectPage.js.map": 1759204741214,
  "test/integration/pages/FormList-dbg.js": 1757646687633,
  "test/integration/pages/FormList.js.map": 1759204741213,
  "test/integration/opaTests.qunit-dbg.js": 1757646687629,
  "test/integration/opaTests.qunit.js.map": 1759204741214,
  "test/integration/FirstJourney-dbg.js": 1757646687641,
  "test/integration/FirstJourney.js.map": 1759204741217,
  "i18n/i18n.properties": 1757646713081,
  "test/integration/pages/JourneyRunner.js.map": 1759204741216,
  "Component-dbg.js": 1757646687573,
  "Component.js.map": 1759204741215,
  "Component-preload.js": 1759204741281,
  "Component-preload.js.map": 1759204741281,
  "test/integration/opaTests.qunit.html": 1757646687629,
  "test/testsuite.qunit.html": 1757646687621,
  "test/flpSandbox.html": 1757646687613,
  "index.html": 1757646687573
}