{
  "test/integration/opaTests.qunit.js": 1757641119548,
  "test/integration/pages/FormObjectPage.js": 1757641119596,
  "test/integration/pages/JourneyRunner.js": 1757641119652,
  "test/integration/pages/FormList.js": 1757641119596,
  "i18n/i18n.properties": 1757641153356,
  "test/integration/FirstJourney.js": 1757641119608,
  "test/testsuite.qunit.js": 1757641119452,
  "xs-app.json": 1757641174372,
  "manifest.json": 1757641174552,
  "Component.js": 1757641118636,
  "test/integration/pages/FormObjectPage-dbg.js": 1757641119596,
  "test/integration/pages/FormObjectPage.js.map": 1757641187225,
  "test/integration/pages/JourneyRunner-dbg.js": 1757641119652,
  "test/integration/pages/JourneyRunner.js.map": 1757641187217,
  "test/integration/pages/FormList-dbg.js": 1757641119596,
  "test/integration/pages/FormList.js.map": 1757641187225,
  "test/integration/opaTests.qunit-dbg.js": 1757641119548,
  "test/integration/opaTests.qunit.js.map": 1757641187226,
  "test/integration/FirstJourney-dbg.js": 1757641119608,
  "test/integration/FirstJourney.js.map": 1757641187221,
  "test/testsuite.qunit-dbg.js": 1757641119452,
  "test/testsuite.qunit.js.map": 1757641187223,
  "Component-dbg.js": 1757641118636,
  "Component.js.map": 1757641187224,
  "Component-preload.js": 1757641187316,
  "Component-preload.js.map": 1757641187316,
  "test/integration/opaTests.qunit.html": 1757641119548,
  "test/testsuite.qunit.html": 1757641119396,
  "test/flpSandbox.html": 1757641119392,
  "index.html": 1757641118712
}