{
  "test/integration/FirstJourney.js": 1757662024534,
  "Component.js": 1757662024402,
  "test/integration/pages/FormRecordObjectPage.js": 1757662024474,
  "test/integration/pages/FormRecordList.js": 1757662024474,
  "test/integration/opaTests.qunit.js": 1757662024470,
  "i18n/i18n.properties": 1757662036318,
  "test/testsuite.qunit.js": 1757662024466,
  "xs-app.json": 1759204732375,
  "manifest.json": 1757662239795,
  "test/integration/pages/JourneyRunner.js": 1757662024574,
  "Component-dbg.js": 1757662024402,
  "Component.js.map": 1759204745004,
  "test/integration/pages/FormRecordObjectPage-dbg.js": 1757662024474,
  "test/integration/pages/FormRecordObjectPage.js.map": 1759204745009,
  "test/integration/pages/FormRecordList-dbg.js": 1757662024474,
  "test/integration/pages/FormRecordList.js.map": 1759204745013,
  "test/integration/opaTests.qunit-dbg.js": 1757662024470,
  "test/integration/opaTests.qunit.js.map": 1759204745014,
  "test/integration/FirstJourney-dbg.js": 1757662024534,
  "test/integration/FirstJourney.js.map": 1759204745008,
  "test/testsuite.qunit-dbg.js": 1757662024466,
  "test/testsuite.qunit.js.map": 1759204745010,
  "test/integration/pages/JourneyRunner-dbg.js": 1757662024574,
  "test/integration/pages/JourneyRunner.js.map": 1759204745011,
  "Component-preload.js": 1759204745077,
  "Component-preload.js.map": 1759204745077,
  "test/integration/opaTests.qunit.html": 1757662024470,
  "test/testsuite.qunit.html": 1757662024462,
  "test/flpSandbox.html": 1757662024462,
  "index.html": 1757662024402
}